Loan_ID,Loan_ID_Flt,Binary_Gender,Gender,Married_Flt,Married,Dependents_Flt,Dependents,Education_Flt,Education,Self_Employed_Flt,Self_Employed,ApplicantIncome,CoapplicantIncome,LoanAmount,Loan_Amount_Term,Credit_History,Property_area_flt,Property_Area,Loan_Status_flt,Loan_Status
LP001002,1002,1,Male,0,No,0,0,1,Graduate,0,No,5849,0,,360,1,2,Urban,1,Y
LP001003,1003,1,Male,1,Yes,1,1,1,Graduate,0,No,4583,1508,128,360,1,3,Rural,0,N
LP001005,1005,1,Male,1,Yes,0,0,1,Graduate,1,Yes,3000,0,66,360,1,2,Urban,1,Y
LP001006,1006,1,Male,1,Yes,0,0,0,Not Graduate,0,No,2583,2358,120,360,1,2,Urban,1,Y
LP001008,1008,1,Male,0,No,0,0,1,Graduate,0,No,6000,0,141,360,1,2,Urban,1,Y
LP001011,1011,1,Male,1,Yes,2,2,1,Graduate,1,Yes,5417,4196,267,360,1,2,Urban,1,Y
LP001013,1013,1,Male,1,Yes,0,0,0,Not Graduate,0,No,2333,1516,95,360,1,2,Urban,1,Y
LP001014,1014,1,Male,1,Yes,3,3+,1,Graduate,0,No,3036,2504,158,360,0,1,Semiurban,0,N
LP001018,1018,1,Male,1,Yes,2,2,1,Graduate,0,No,4006,1526,168,360,1,2,Urban,1,Y
LP001020,1020,1,Male,1,Yes,1,1,1,Graduate,0,No,12841,10968,349,360,1,1,Semiurban,0,N
LP001024,1024,1,Male,1,Yes,2,2,1,Graduate,0,No,3200,700,70,360,1,2,Urban,1,Y
LP001027,1027,1,Male,1,Yes,2,2,1,Graduate,1,Yes,2500,1840,109,360,1,2,Urban,1,Y
LP001028,1028,1,Male,1,Yes,2,2,1,Graduate,0,No,3073,8106,200,360,1,2,Urban,1,Y
LP001029,1029,1,Male,0,No,0,0,1,Graduate,0,No,1853,2840,114,360,1,3,Rural,0,N
LP001030,1030,1,Male,1,Yes,2,2,1,Graduate,0,No,1299,1086,17,120,1,2,Urban,1,Y
LP001032,1032,1,Male,0,No,0,0,1,Graduate,0,No,4950,0,125,360,1,2,Urban,1,Y
LP001034,1034,1,Male,0,No,1,1,0,Not Graduate,0,No,3596,0,100,240,,2,Urban,1,Y
LP001036,1036,0,Female,0,No,0,0,1,Graduate,0,No,3510,0,76,360,0,2,Urban,0,N
LP001038,1038,1,Male,1,Yes,0,0,0,Not Graduate,0,No,4887,0,133,360,1,3,Rural,0,N
LP001041,1041,1,Male,1,Yes,0,0,1,Graduate,1,Yes,2600,3500,115,,1,2,Urban,1,Y
LP001043,1043,1,Male,1,Yes,0,0,0,Not Graduate,0,No,7660,0,104,360,0,2,Urban,0,N
LP001046,1046,1,Male,1,Yes,1,1,1,Graduate,0,No,5955,5625,315,360,1,2,Urban,1,Y
LP001047,1047,1,Male,1,Yes,0,0,0,Not Graduate,0,No,2600,1911,116,360,0,1,Semiurban,0,N
LP001050,1050,0,Female,1,Yes,2,2,0,Not Graduate,0,No,3365,1917,112,360,0,3,Rural,0,N
LP001052,1052,1,Male,1,Yes,1,1,1,Graduate,1,Yes,3717,2925,151,360,,1,Semiurban,0,N
LP001066,1066,1,Male,1,Yes,0,0,1,Graduate,1,Yes,9560,0,191,360,1,1,Semiurban,1,Y
LP001068,1068,1,Male,1,Yes,0,0,1,Graduate,0,No,2799,2253,122,360,1,1,Semiurban,1,Y
LP001073,1073,1,Male,1,Yes,2,2,0,Not Graduate,0,No,4226,1040,110,360,1,2,Urban,1,Y
LP001086,1086,1,Male,0,No,0,0,0,Not Graduate,0,No,1442,0,35,360,1,2,Urban,0,N
LP001087,1087,0,Female,0,No,2,2,1,Graduate,1,Yes,3750,2083,120,360,1,1,Semiurban,1,Y
LP001091,1091,1,Male,1,Yes,1,1,1,Graduate,1,Yes,4166,3369,201,360,,2,Urban,0,N
LP001095,1095,1,Male,0,No,0,0,1,Graduate,0,No,3167,0,74,360,1,2,Urban,0,N
LP001097,1097,1,Male,0,No,1,1,1,Graduate,1,Yes,4692,0,106,360,1,3,Rural,0,N
LP001098,1098,1,Male,1,Yes,0,0,1,Graduate,0,No,3500,1667,114,360,1,1,Semiurban,1,Y
LP001100,1100,1,Male,0,No,3,3+,1,Graduate,0,No,12500,3000,320,360,1,3,Rural,0,N
LP001106,1106,1,Male,1,Yes,0,0,1,Graduate,0,No,2275,2067,,360,1,2,Urban,1,Y
LP001109,1109,1,Male,1,Yes,0,0,1,Graduate,0,No,1828,1330,100,,0,2,Urban,0,N
LP001112,1112,0,Female,1,Yes,0,0,1,Graduate,0,No,3667,1459,144,360,1,1,Semiurban,1,Y
LP001114,1114,1,Male,0,No,0,0,1,Graduate,0,No,4166,7210,184,360,1,2,Urban,1,Y
LP001116,1116,1,Male,0,No,0,0,0,Not Graduate,0,No,3748,1668,110,360,1,1,Semiurban,1,Y
LP001119,1119,1,Male,0,No,0,0,1,Graduate,0,No,3600,0,80,360,1,2,Urban,0,N
LP001120,1120,1,Male,0,No,0,0,1,Graduate,0,No,1800,1213,47,360,1,2,Urban,1,Y
LP001123,1123,1,Male,1,Yes,0,0,1,Graduate,0,No,2400,0,75,360,,2,Urban,1,Y
LP001131,1131,1,Male,1,Yes,0,0,1,Graduate,0,No,3941,2336,134,360,1,,Semi-urban,1,Y
LP001136,1136,1,Male,1,Yes,0,0,0,Not Graduate,1,Yes,4695,0,96,,1,2,Urban,1,Y
LP001137,1137,0,Female,0,No,0,0,1,Graduate,0,No,3410,0,88,,1,2,Urban,1,Y
LP001138,1138,1,Male,1,Yes,1,1,1,Graduate,0,No,5649,0,44,360,1,2,Urban,1,Y
LP001144,1144,1,Male,1,Yes,0,0,1,Graduate,0,No,5821,0,144,360,1,2,Urban,1,Y
LP001146,1146,0,Female,1,Yes,0,0,1,Graduate,0,No,2645,3440,120,360,0,2,Urban,0,N
LP001151,1151,0,Female,0,No,0,0,1,Graduate,0,No,4000,2275,144,360,1,1,Semiurban,1,Y
LP001155,1155,0,Female,1,Yes,0,0,0,Not Graduate,0,No,1928,1644,100,360,1,1,Semiurban,1,Y
LP001157,1157,0,Female,0,No,0,0,1,Graduate,0,No,3086,0,120,360,1,1,Semiurban,1,Y
LP001164,1164,0,Female,0,No,0,0,1,Graduate,0,No,4230,0,112,360,1,1,Semiurban,0,N
LP001179,1179,1,Male,1,Yes,2,2,1,Graduate,0,No,4616,0,134,360,1,2,Urban,0,N
LP001186,1186,0,Female,1,Yes,1,1,1,Graduate,1,Yes,11500,0,286,360,0,2,Urban,0,N
LP001194,1194,1,Male,1,Yes,2,2,1,Graduate,0,No,2708,1167,97,360,1,1,Semiurban,1,Y
LP001195,1195,1,Male,1,Yes,0,0,1,Graduate,0,No,2132,1591,96,360,1,1,Semiurban,1,Y
LP001197,1197,1,Male,1,Yes,0,0,1,Graduate,0,No,3366,2200,135,360,1,3,Rural,0,N
LP001198,1198,1,Male,1,Yes,1,1,1,Graduate,0,No,8080,2250,180,360,1,2,Urban,1,Y
LP001199,1199,1,Male,1,Yes,2,2,0,Not Graduate,0,No,3357,2859,144,360,1,2,Urban,1,Y
LP001205,1205,1,Male,1,Yes,0,0,1,Graduate,0,No,2500,3796,120,360,1,2,Urban,1,Y
LP001206,1206,1,Male,1,Yes,3,3+,1,Graduate,0,No,3029,0,99,360,1,2,Urban,1,Y
LP001207,1207,1,Male,1,Yes,0,0,0,Not Graduate,1,Yes,2609,3449,165,180,0,3,Rural,0,N
LP001213,1213,1,Male,1,Yes,1,1,1,Graduate,0,No,4945,0,,360,0,3,Rural,0,N
LP001222,1222,0,Female,0,No,0,0,1,Graduate,0,No,4166,0,116,360,0,1,Semiurban,0,N
LP001225,1225,1,Male,1,Yes,0,0,1,Graduate,0,No,5726,4595,258,360,1,1,Semiurban,0,N
LP001228,1228,1,Male,0,No,0,0,0,Not Graduate,0,No,3200,2254,126,180,0,2,Urban,0,N
LP001233,1233,1,Male,1,Yes,1,1,1,Graduate,0,No,10750,0,312,360,1,2,Urban,1,Y
LP001238,1238,1,Male,1,Yes,3,3+,0,Not Graduate,1,Yes,7100,0,125,60,1,2,Urban,1,Y
LP001241,1241,0,Female,0,No,0,0,1,Graduate,0,No,4300,0,136,360,0,1,Semiurban,0,N
LP001243,1243,1,Male,1,Yes,0,0,1,Graduate,0,No,3208,3066,172,360,1,2,Urban,1,Y
LP001245,1245,1,Male,1,Yes,2,2,0,Not Graduate,1,Yes,1875,1875,97,360,1,,Semi-urban,1,Y
LP001248,1248,1,Male,0,No,0,0,1,Graduate,0,No,3500,0,81,300,1,1,Semiurban,1,Y
LP001250,1250,1,Male,1,Yes,3,3+,0,Not Graduate,0,No,4755,0,95,,0,1,Semiurban,0,N
LP001253,1253,1,Male,1,Yes,3,3+,1,Graduate,1,Yes,5266,1774,187,360,1,1,Semiurban,1,Y
LP001255,1255,1,Male,0,No,0,0,1,Graduate,0,No,3750,0,113,480,1,2,Urban,0,N
LP001256,1256,1,Male,0,No,0,0,1,Graduate,0,No,3750,4750,176,360,1,2,Urban,0,N
LP001259,1259,1,Male,1,Yes,1,1,1,Graduate,1,Yes,1000,3022,110,360,1,2,Urban,0,N
LP001263,1263,1,Male,1,Yes,3,3+,1,Graduate,0,No,3167,4000,180,300,0,1,Semiurban,0,N
LP001264,1264,1,Male,1,Yes,3,3+,0,Not Graduate,1,Yes,3333,2166,130,360,,1,Semiurban,1,Y
LP001265,1265,0,Female,0,No,0,0,1,Graduate,0,No,3846,0,111,360,1,1,Semiurban,1,Y
LP001266,1266,1,Male,1,Yes,1,1,1,Graduate,1,Yes,2395,0,,360,1,1,Semiurban,1,Y
LP001267,1267,0,Female,1,Yes,2,2,1,Graduate,0,No,1378,1881,167,360,1,2,Urban,0,N
LP001273,1273,1,Male,1,Yes,0,0,1,Graduate,0,No,6000,2250,265,360,,1,Semiurban,0,N
LP001275,1275,1,Male,1,Yes,1,1,1,Graduate,0,No,3988,0,50,240,1,2,Urban,1,Y
LP001279,1279,1,Male,0,No,0,0,1,Graduate,0,No,2366,2531,136,360,1,1,Semiurban,1,Y
LP001280,1280,1,Male,1,Yes,2,2,0,Not Graduate,0,No,3333,2000,99,360,,1,Semiurban,1,Y
LP001282,1282,1,Male,1,Yes,0,0,1,Graduate,0,No,2500,2118,104,360,1,,Semi-urban,1,Y
LP001289,1289,1,Male,0,No,0,0,1,Graduate,0,No,8566,0,210,360,1,2,Urban,1,Y
LP001310,1310,1,Male,1,Yes,0,0,1,Graduate,0,No,5695,4167,175,360,1,1,Semiurban,1,Y
LP001316,1316,1,Male,1,Yes,0,0,1,Graduate,0,No,2958,2900,131,360,1,1,Semiurban,1,Y
LP001318,1318,1,Male,1,Yes,2,2,1,Graduate,0,No,6250,5654,188,180,1,1,Semiurban,1,Y
LP001319,1319,1,Male,1,Yes,2,2,0,Not Graduate,0,No,3273,1820,81,360,1,2,Urban,1,Y
LP001322,1322,1,Male,0,No,0,0,1,Graduate,0,No,4133,0,122,360,1,1,Semiurban,1,Y
LP001325,1325,1,Male,0,No,0,0,0,Not Graduate,0,No,3620,0,25,120,1,1,Semiurban,1,Y
LP001326,1326,1,Male,0,No,0,0,1,Graduate,1,Yes,6782,0,,360,,2,Urban,0,N
LP001327,1327,0,Female,1,Yes,0,0,1,Graduate,0,No,2484,2302,137,360,1,1,Semiurban,1,Y
LP001333,1333,1,Male,1,Yes,0,0,1,Graduate,0,No,1977,997,50,360,1,1,Semiurban,1,Y
LP001334,1334,1,Male,1,Yes,0,0,0,Not Graduate,0,No,4188,0,115,180,1,1,Semiurban,1,Y
LP001343,1343,1,Male,1,Yes,0,0,1,Graduate,0,No,1759,3541,131,360,1,1,Semiurban,1,Y
LP001345,1345,1,Male,1,Yes,2,2,0,Not Graduate,0,No,4288,3263,133,180,1,2,Urban,1,Y
LP001349,1349,1,Male,0,No,0,0,1,Graduate,0,No,4843,3806,151,360,1,,Semi-urban,1,Y
LP001350,1350,1,Male,1,Yes,,,1,Graduate,0,No,13650,0,,360,1,2,Urban,1,Y
LP001356,1356,1,Male,1,Yes,0,0,1,Graduate,0,No,4652,3583,,360,1,1,Semiurban,1,Y
LP001357,1357,1,Male,,,,,1,Graduate,0,No,3816,754,160,360,1,2,Urban,1,Y
LP001367,1367,1,Male,1,Yes,1,1,1,Graduate,0,No,3052,1030,100,360,1,2,Urban,1,Y
LP001369,1369,1,Male,1,Yes,2,2,1,Graduate,0,No,11417,1126,225,360,1,2,Urban,1,Y
LP001370,1370,1,Male,0,No,0,0,0,Not Graduate,1,Yes,7333,0,120,360,1,3,Rural,0,N
LP001379,1379,1,Male,1,Yes,2,2,1,Graduate,0,No,3800,3600,216,360,0,2,Urban,0,N
LP001384,1384,1,Male,1,Yes,3,3+,0,Not Graduate,0,No,2071,754,94,480,1,1,Semiurban,1,Y
LP001385,1385,1,Male,0,No,0,0,1,Graduate,0,No,5316,0,136,360,1,2,Urban,1,Y
LP001387,1387,0,Female,1,Yes,0,0,1,Graduate,1,Yes,2929,2333,139,360,1,1,Semiurban,1,Y
LP001391,1391,1,Male,1,Yes,0,0,0,Not Graduate,0,No,3572,4114,152,,0,3,Rural,0,N
LP001392,1392,0,Female,0,No,1,1,1,Graduate,1,Yes,7451,0,,360,1,1,Semiurban,1,Y
LP001398,1398,1,Male,0,No,0,0,1,Graduate,1,Yes,5050,0,118,360,1,1,Semiurban,1,Y
LP001401,1401,1,Male,1,Yes,1,1,1,Graduate,0,No,14583,0,185,180,1,3,Rural,1,Y
LP001404,1404,0,Female,1,Yes,0,0,1,Graduate,0,No,3167,2283,154,360,1,1,Semiurban,1,Y
LP001405,1405,1,Male,1,Yes,1,1,1,Graduate,0,No,2214,1398,85,360,,2,Urban,1,Y
LP001421,1421,1,Male,1,Yes,0,0,1,Graduate,0,No,5568,2142,175,360,1,3,Rural,0,N
LP001422,1422,0,Female,0,No,0,0,1,Graduate,0,No,10408,0,259,360,1,2,Urban,1,Y
LP001426,1426,1,Male,1,Yes,,,1,Graduate,0,No,5667,2667,180,360,1,3,Rural,1,Y
LP001430,1430,0,Female,0,No,0,0,1,Graduate,0,No,4166,0,44,360,1,1,Semiurban,1,Y
LP001431,1431,0,Female,0,No,0,0,1,Graduate,0,No,2137,8980,137,360,0,1,Semiurban,1,Y
LP001432,1432,1,Male,1,Yes,2,2,1,Graduate,0,No,2957,0,81,360,1,1,Semiurban,1,Y
LP001439,1439,1,Male,1,Yes,0,0,0,Not Graduate,0,No,4300,2014,194,360,1,3,Rural,1,Y
LP001443,1443,0,Female,0,No,0,0,1,Graduate,0,No,3692,0,93,360,,3,Rural,1,Y
LP001448,1448,0,Female,1,Yes,3,3+,1,Graduate,0,No,23803,0,370,360,1,3,Rural,1,Y
LP001449,1449,1,Male,0,No,0,0,1,Graduate,0,No,3865,1640,,360,1,3,Rural,1,Y
LP001451,1451,1,Male,1,Yes,1,1,1,Graduate,1,Yes,10513,3850,160,180,0,2,Urban,0,N
LP001465,1465,1,Male,1,Yes,0,0,1,Graduate,0,No,6080,2569,182,360,,3,Rural,0,N
LP001469,1469,1,Male,0,No,0,0,1,Graduate,1,Yes,20166,0,650,480,,2,Urban,1,Y
LP001473,1473,1,Male,0,No,0,0,1,Graduate,0,No,2014,1929,74,360,1,2,Urban,1,Y
LP001478,1478,1,Male,0,No,0,0,1,Graduate,0,No,2718,0,70,360,1,1,Semiurban,1,Y
LP001482,1482,1,Male,1,Yes,0,0,1,Graduate,1,Yes,3459,0,25,120,1,1,Semiurban,1,Y
LP001487,1487,1,Male,0,No,0,0,1,Graduate,0,No,4895,0,102,360,1,1,Semiurban,1,Y
LP001488,1488,1,Male,1,Yes,3,3+,1,Graduate,0,No,4000,7750,290,360,1,1,Semiurban,0,N
LP001489,1489,0,Female,1,Yes,0,0,1,Graduate,0,No,4583,0,84,360,1,3,Rural,0,N
LP001491,1491,1,Male,1,Yes,2,2,1,Graduate,1,Yes,3316,3500,88,360,1,2,Urban,1,Y
LP001492,1492,1,Male,0,No,0,0,1,Graduate,0,No,14999,0,242,360,0,1,Semiurban,0,N
LP001493,1493,1,Male,1,Yes,2,2,0,Not Graduate,0,No,4200,1430,129,360,1,3,Rural,0,N
LP001497,1497,1,Male,1,Yes,2,2,1,Graduate,0,No,5042,2083,185,360,1,3,Rural,0,N
LP001498,1498,1,Male,0,No,0,0,1,Graduate,0,No,5417,0,168,360,1,2,Urban,1,Y
LP001504,1504,1,Male,0,No,0,0,1,Graduate,1,Yes,6950,0,175,180,1,1,Semiurban,1,Y
LP001507,1507,1,Male,1,Yes,0,0,1,Graduate,0,No,2698,2034,122,360,1,1,Semiurban,1,Y
LP001508,1508,1,Male,1,Yes,2,2,1,Graduate,0,No,11757,0,187,180,1,2,Urban,1,Y
LP001514,1514,0,Female,1,Yes,0,0,1,Graduate,0,No,2330,4486,100,360,1,1,Semiurban,1,Y
LP001516,1516,0,Female,1,Yes,2,2,1,Graduate,0,No,14866,0,70,360,1,2,Urban,1,Y
LP001518,1518,1,Male,1,Yes,1,1,1,Graduate,0,No,1538,1425,30,360,1,2,Urban,1,Y
LP001519,1519,0,Female,0,No,0,0,1,Graduate,0,No,10000,1666,225,360,1,3,Rural,0,N
LP001520,1520,1,Male,1,Yes,0,0,1,Graduate,0,No,4860,830,125,360,1,1,Semiurban,1,Y
LP001528,1528,1,Male,0,No,0,0,1,Graduate,0,No,6277,0,118,360,0,3,Rural,0,N
LP001529,1529,1,Male,1,Yes,0,0,1,Graduate,1,Yes,2577,3750,152,360,1,3,Rural,1,Y
LP001531,1531,1,Male,0,No,0,0,1,Graduate,0,No,9166,0,244,360,1,2,Urban,0,N
LP001532,1532,1,Male,1,Yes,2,2,0,Not Graduate,0,No,2281,0,113,360,1,3,Rural,0,N
LP001535,1535,1,Male,0,No,0,0,1,Graduate,0,No,3254,0,50,360,1,2,Urban,1,Y
LP001536,1536,1,Male,1,Yes,3,3+,1,Graduate,0,No,39999,0,600,180,0,1,Semiurban,1,Y
LP001541,1541,1,Male,1,Yes,1,1,1,Graduate,0,No,6000,0,160,360,,3,Rural,1,Y
LP001543,1543,1,Male,1,Yes,1,1,1,Graduate,0,No,9538,0,187,360,1,2,Urban,1,Y
LP001546,1546,1,Male,0,No,0,0,1,Graduate,1,Yes,2980,2083,120,360,1,3,Rural,1,Y
LP001552,1552,1,Male,1,Yes,0,0,1,Graduate,0,No,4583,5625,255,360,1,1,Semiurban,1,Y
LP001560,1560,1,Male,1,Yes,0,0,0,Not Graduate,0,No,1863,1041,98,360,1,1,Semiurban,1,Y
LP001562,1562,1,Male,1,Yes,0,0,1,Graduate,0,No,7933,0,275,360,1,2,Urban,0,N
LP001565,1565,1,Male,1,Yes,1,1,1,Graduate,0,No,3089,1280,121,360,0,1,Semiurban,0,N
LP001570,1570,1,Male,1,Yes,2,2,1,Graduate,0,No,4167,1447,158,360,1,3,Rural,1,Y
LP001572,1572,1,Male,1,Yes,0,0,1,Graduate,0,No,9323,0,75,180,1,2,Urban,1,Y
LP001574,1574,1,Male,1,Yes,0,0,1,Graduate,0,No,3707,3166,182,,1,3,Rural,1,Y
LP001577,1577,0,Female,1,Yes,0,0,1,Graduate,0,No,4583,0,112,360,1,3,Rural,0,N
LP001578,1578,1,Male,1,Yes,0,0,1,Graduate,0,No,2439,3333,129,360,1,3,Rural,1,Y
LP001579,1579,1,Male,0,No,0,0,1,Graduate,0,No,2237,0,63,480,0,1,Semiurban,0,N
LP001580,1580,1,Male,1,Yes,2,2,1,Graduate,0,No,8000,0,200,360,1,1,Semiurban,1,Y
LP001581,1581,1,Male,1,Yes,0,0,0,Not Graduate,1,Yes,1820,1769,95,360,1,3,Rural,1,Y
LP001585,1585,0,Female,1,Yes,3,3+,1,Graduate,0,No,51763,0,700,300,1,2,Urban,1,Y
LP001586,1586,1,Male,1,Yes,3,3+,0,Not Graduate,0,No,3522,0,81,180,1,3,Rural,0,N
LP001594,1594,1,Male,1,Yes,0,0,1,Graduate,0,No,5708,5625,187,360,1,1,Semiurban,1,Y
LP001603,1603,1,Male,1,Yes,0,0,0,Not Graduate,1,Yes,4344,736,87,360,1,1,Semiurban,0,N
LP001606,1606,1,Male,1,Yes,0,0,1,Graduate,0,No,3497,1964,116,360,1,3,Rural,1,Y
LP001608,1608,1,Male,1,Yes,2,2,1,Graduate,0,No,2045,1619,101,360,1,3,Rural,1,Y
LP001610,1610,1,Male,1,Yes,3,3+,1,Graduate,0,No,5516,11300,495,360,0,1,Semiurban,0,N
LP001616,1616,1,Male,1,Yes,1,1,1,Graduate,0,No,3750,0,116,360,1,1,Semiurban,1,Y
LP001630,1630,1,Male,0,No,0,0,0,Not Graduate,0,No,2333,1451,102,480,0,2,Urban,0,N
LP001633,1633,1,Male,1,Yes,1,1,1,Graduate,0,No,6400,7250,180,360,0,2,Urban,0,N
LP001634,1634,1,Male,0,No,0,0,1,Graduate,0,No,1916,5063,67,360,,3,Rural,0,N
LP001636,1636,1,Male,1,Yes,0,0,1,Graduate,0,No,4600,0,73,180,1,1,Semiurban,1,Y
LP001637,1637,1,Male,1,Yes,1,1,1,Graduate,0,No,33846,0,260,360,1,1,Semiurban,0,N
LP001639,1639,0,Female,1,Yes,0,0,1,Graduate,0,No,3625,0,108,360,1,1,Semiurban,1,Y
LP001640,1640,1,Male,1,Yes,0,0,1,Graduate,1,Yes,39147,4750,120,360,1,1,Semiurban,1,Y
LP001641,1641,1,Male,1,Yes,1,1,1,Graduate,1,Yes,2178,0,66,300,0,3,Rural,0,N
LP001643,1643,1,Male,1,Yes,0,0,1,Graduate,0,No,2383,2138,58,360,,3,Rural,1,Y
LP001644,1644,0,Female,1,Yes,0,0,1,Graduate,1,Yes,674,5296,168,360,1,3,Rural,1,Y
LP001647,1647,1,Male,1,Yes,0,0,1,Graduate,0,No,9328,0,188,180,1,3,Rural,1,Y
LP001653,1653,1,Male,0,No,0,0,0,Not Graduate,0,No,4885,0,48,360,1,3,Rural,1,Y
LP001656,1656,1,Male,0,No,0,0,1,Graduate,0,No,12000,0,164,360,1,1,Semiurban,0,N
LP001657,1657,1,Male,1,Yes,0,0,0,Not Graduate,0,No,6033,0,160,360,1,2,Urban,0,N
LP001658,1658,1,Male,0,No,0,0,1,Graduate,0,No,3858,0,76,360,1,1,Semiurban,1,Y
LP001664,1664,1,Male,0,No,0,0,1,Graduate,0,No,4191,0,120,360,1,3,Rural,1,Y
LP001665,1665,1,Male,1,Yes,1,1,1,Graduate,0,No,3125,2583,170,360,1,1,Semiurban,0,N
LP001666,1666,1,Male,0,No,0,0,1,Graduate,0,No,8333,3750,187,360,1,3,Rural,1,Y
LP001669,1669,0,Female,0,No,0,0,0,Not Graduate,0,No,1907,2365,120,,1,2,Urban,1,Y
LP001671,1671,0,Female,1,Yes,0,0,1,Graduate,0,No,3416,2816,113,360,,1,Semiurban,1,Y
LP001673,1673,1,Male,0,No,0,0,1,Graduate,1,Yes,11000,0,83,360,1,2,Urban,0,N
LP001674,1674,1,Male,1,Yes,1,1,0,Not Graduate,0,No,2600,2500,90,360,1,1,Semiurban,1,Y
LP001677,1677,1,Male,0,No,2,2,1,Graduate,0,No,4923,0,166,360,0,1,Semiurban,1,Y
LP001682,1682,1,Male,1,Yes,3,3+,0,Not Graduate,0,No,3992,0,,180,1,2,Urban,0,N
LP001688,1688,1,Male,1,Yes,1,1,0,Not Graduate,0,No,3500,1083,135,360,1,2,Urban,1,Y
LP001691,1691,1,Male,1,Yes,2,2,0,Not Graduate,0,No,3917,0,124,360,1,1,Semiurban,1,Y
LP001692,1692,0,Female,0,No,0,0,0,Not Graduate,0,No,4408,0,120,360,1,1,Semiurban,1,Y
LP001693,1693,0,Female,0,No,0,0,1,Graduate,0,No,3244,0,80,360,1,2,Urban,1,Y
LP001698,1698,1,Male,0,No,0,0,0,Not Graduate,0,No,3975,2531,55,360,1,3,Rural,1,Y
LP001699,1699,1,Male,0,No,0,0,1,Graduate,0,No,2479,0,59,360,1,2,Urban,1,Y
LP001702,1702,1,Male,0,No,0,0,1,Graduate,0,No,3418,0,127,360,1,1,Semiurban,0,N
LP001708,1708,0,Female,0,No,0,0,1,Graduate,0,No,10000,0,214,360,1,1,Semiurban,0,N
LP001711,1711,1,Male,1,Yes,3,3+,1,Graduate,0,No,3430,1250,128,360,0,1,Semiurban,0,N
LP001713,1713,1,Male,1,Yes,1,1,1,Graduate,1,Yes,7787,0,240,360,1,2,Urban,1,Y
LP001715,1715,1,Male,1,Yes,3,3+,0,Not Graduate,1,Yes,5703,0,130,360,1,3,Rural,1,Y
LP001716,1716,1,Male,1,Yes,0,0,1,Graduate,0,No,3173,3021,137,360,1,2,Urban,1,Y
LP001720,1720,1,Male,1,Yes,3,3+,0,Not Graduate,0,No,3850,983,100,360,1,1,Semiurban,1,Y
LP001722,1722,1,Male,1,Yes,0,0,1,Graduate,0,No,150,1800,135,360,1,3,Rural,0,N
LP001726,1726,1,Male,1,Yes,0,0,1,Graduate,0,No,3727,1775,131,360,1,1,Semiurban,1,Y
LP001732,1732,1,Male,1,Yes,2,2,1,Graduate,1,Yes,5000,0,72,360,0,1,Semiurban,0,N
LP001734,1734,0,Female,1,Yes,2,2,1,Graduate,0,No,4283,2383,127,360,,1,Semiurban,1,Y
LP001736,1736,1,Male,1,Yes,0,0,1,Graduate,0,No,2221,0,60,360,0,2,Urban,0,N
LP001743,1743,1,Male,1,Yes,2,2,1,Graduate,0,No,4009,1717,116,360,1,1,Semiurban,1,Y
LP001744,1744,1,Male,0,No,0,0,1,Graduate,0,No,2971,2791,144,360,1,1,Semiurban,1,Y
LP001749,1749,1,Male,1,Yes,0,0,1,Graduate,0,No,7578,1010,175,,1,1,Semiurban,1,Y
LP001750,1750,1,Male,1,Yes,0,0,1,Graduate,0,No,6250,0,128,360,1,1,Semiurban,1,Y
LP001751,1751,1,Male,1,Yes,0,0,1,Graduate,0,No,3250,0,170,360,1,3,Rural,0,N
LP001754,1754,1,Male,1,Yes,,,0,Not Graduate,1,Yes,4735,0,138,360,1,2,Urban,0,N
LP001758,1758,1,Male,1,Yes,2,2,1,Graduate,0,No,6250,1695,210,360,1,1,Semiurban,1,Y
LP001760,1760,1,Male,,,,,1,Graduate,0,No,4758,0,158,480,1,1,Semiurban,1,Y
LP001761,1761,1,Male,0,No,0,0,1,Graduate,1,Yes,6400,0,200,360,1,3,Rural,1,Y
LP001765,1765,1,Male,1,Yes,1,1,1,Graduate,0,No,2491,2054,104,360,1,1,Semiurban,1,Y
LP001768,1768,1,Male,1,Yes,0,0,1,Graduate,1,Yes,3716,0,42,180,1,3,Rural,1,Y
LP001770,1770,1,Male,0,No,0,0,0,Not Graduate,0,No,3189,2598,120,,1,3,Rural,1,Y
LP001776,1776,0,Female,0,No,0,0,1,Graduate,0,No,8333,0,280,360,1,1,Semiurban,1,Y
LP001778,1778,1,Male,1,Yes,1,1,1,Graduate,0,No,3155,1779,140,360,1,1,Semiurban,1,Y
LP001784,1784,1,Male,1,Yes,1,1,1,Graduate,0,No,5500,1260,170,360,1,3,Rural,1,Y
LP001786,1786,1,Male,1,Yes,0,0,1,Graduate,1,Yes,5746,0,255,360,,2,Urban,0,N
LP001788,1788,0,Female,0,No,0,0,1,Graduate,1,Yes,3463,0,122,360,,2,Urban,1,Y
LP001790,1790,0,Female,0,No,1,1,1,Graduate,0,No,3812,0,112,360,1,3,Rural,1,Y
LP001792,1792,1,Male,1,Yes,1,1,1,Graduate,0,No,3315,0,96,360,1,1,Semiurban,1,Y
LP001798,1798,1,Male,1,Yes,2,2,1,Graduate,0,No,5819,5000,120,360,1,3,Rural,1,Y
LP001800,1800,1,Male,1,Yes,1,1,0,Not Graduate,0,No,2510,1983,140,180,1,2,Urban,0,N
LP001806,1806,1,Male,0,No,0,0,1,Graduate,0,No,2965,5701,155,60,1,2,Urban,1,Y
LP001807,1807,1,Male,1,Yes,2,2,1,Graduate,1,Yes,6250,1300,108,360,1,3,Rural,1,Y
LP001811,1811,1,Male,1,Yes,0,0,0,Not Graduate,0,No,3406,4417,123,360,1,1,Semiurban,1,Y
LP001813,1813,1,Male,0,No,0,0,1,Graduate,1,Yes,6050,4333,120,180,1,2,Urban,0,N
LP001814,1814,1,Male,1,Yes,2,2,1,Graduate,0,No,9703,0,112,360,1,2,Urban,1,Y
LP001819,1819,1,Male,1,Yes,1,1,0,Not Graduate,0,No,6608,0,137,180,1,2,Urban,1,Y
LP001824,1824,1,Male,1,Yes,1,1,1,Graduate,0,No,2882,1843,123,480,1,1,Semiurban,1,Y
LP001825,1825,1,Male,1,Yes,0,0,1,Graduate,0,No,1809,1868,90,360,1,2,Urban,1,Y
LP001835,1835,1,Male,1,Yes,0,0,0,Not Graduate,0,No,1668,3890,201,360,0,1,Semiurban,0,N
LP001836,1836,0,Female,0,No,2,2,1,Graduate,0,No,3427,0,138,360,1,2,Urban,0,N
LP001841,1841,1,Male,0,No,0,0,0,Not Graduate,1,Yes,2583,2167,104,360,1,3,Rural,1,Y
LP001843,1843,1,Male,1,Yes,1,1,0,Not Graduate,0,No,2661,7101,279,180,1,1,Semiurban,1,Y
LP001844,1844,1,Male,0,No,0,0,1,Graduate,1,Yes,16250,0,192,360,0,2,Urban,0,N
LP001846,1846,0,Female,0,No,3,3+,1,Graduate,0,No,3083,0,255,360,1,3,Rural,1,Y
LP001849,1849,1,Male,0,No,0,0,0,Not Graduate,0,No,6045,0,115,360,0,3,Rural,0,N
LP001854,1854,1,Male,1,Yes,3,3+,1,Graduate,0,No,5250,0,94,360,1,2,Urban,0,N
LP001859,1859,1,Male,1,Yes,0,0,1,Graduate,0,No,14683,2100,304,360,1,3,Rural,0,N
LP001864,1864,1,Male,1,Yes,3,3+,0,Not Graduate,0,No,4931,0,128,360,,1,Semiurban,0,N
LP001865,1865,1,Male,1,Yes,1,1,1,Graduate,0,No,6083,4250,330,360,,2,Urban,1,Y
LP001868,1868,1,Male,0,No,0,0,1,Graduate,0,No,2060,2209,134,360,1,1,Semiurban,1,Y
LP001870,1870,0,Female,0,No,1,1,1,Graduate,0,No,3481,0,155,36,1,1,Semiurban,0,N
LP001871,1871,0,Female,0,No,0,0,1,Graduate,0,No,7200,0,120,360,1,3,Rural,1,Y
LP001872,1872,1,Male,0,No,0,0,1,Graduate,1,Yes,5166,0,128,360,1,1,Semiurban,1,Y
LP001875,1875,1,Male,0,No,0,0,1,Graduate,0,No,4095,3447,151,360,1,3,Rural,1,Y
LP001877,1877,1,Male,1,Yes,2,2,1,Graduate,0,No,4708,1387,150,360,1,1,Semiurban,1,Y
LP001882,1882,1,Male,1,Yes,3,3+,1,Graduate,0,No,4333,1811,160,360,0,2,Urban,1,Y
LP001883,1883,0,Female,0,No,0,0,1,Graduate,1,Yes,3418,0,135,360,1,3,Rural,0,N
LP001884,1884,0,Female,0,No,1,1,1,Graduate,0,No,2876,1560,90,360,1,2,Urban,1,Y
LP001888,1888,0,Female,0,No,0,0,1,Graduate,0,No,3237,0,30,360,1,2,Urban,1,Y
LP001891,1891,1,Male,1,Yes,0,0,1,Graduate,0,No,11146,0,136,360,1,2,Urban,1,Y
LP001892,1892,1,Male,0,No,0,0,1,Graduate,0,No,2833,1857,126,360,1,3,Rural,1,Y
LP001894,1894,1,Male,1,Yes,0,0,1,Graduate,0,No,2620,2223,150,360,1,1,Semiurban,1,Y
LP001896,1896,1,Male,1,Yes,2,2,1,Graduate,0,No,3900,0,90,360,1,1,Semiurban,1,Y
LP001900,1900,1,Male,1,Yes,1,1,1,Graduate,0,No,2750,1842,115,360,1,1,Semiurban,1,Y
LP001903,1903,1,Male,1,Yes,0,0,1,Graduate,0,No,3993,3274,207,360,1,1,Semiurban,1,Y
LP001904,1904,1,Male,1,Yes,0,0,1,Graduate,0,No,3103,1300,80,360,1,2,Urban,1,Y
LP001907,1907,1,Male,1,Yes,0,0,1,Graduate,0,No,14583,0,436,360,1,1,Semiurban,1,Y
LP001908,1908,0,Female,1,Yes,0,0,0,Not Graduate,0,No,4100,0,124,360,,3,Rural,1,Y
LP001910,1910,1,Male,0,No,1,1,0,Not Graduate,1,Yes,4053,2426,158,360,0,2,Urban,0,N
LP001914,1914,1,Male,1,Yes,0,0,1,Graduate,0,No,3927,800,112,360,1,1,Semiurban,1,Y
LP001915,1915,1,Male,1,Yes,2,2,1,Graduate,0,No,2301,985.7999878,78,180,1,2,Urban,1,Y
LP001917,1917,0,Female,0,No,0,0,1,Graduate,0,No,1811,1666,54,360,1,2,Urban,1,Y
LP001922,1922,1,Male,1,Yes,0,0,1,Graduate,0,No,20667,0,,360,1,3,Rural,0,N
LP001924,1924,1,Male,0,No,0,0,1,Graduate,0,No,3158,3053,89,360,1,3,Rural,1,Y
LP001925,1925,0,Female,0,No,0,0,1,Graduate,1,Yes,2600,1717,99,300,1,1,Semiurban,0,N
LP001926,1926,1,Male,1,Yes,0,0,1,Graduate,0,No,3704,2000,120,360,1,3,Rural,1,Y
LP001931,1931,0,Female,0,No,0,0,1,Graduate,0,No,4124,0,115,360,1,1,Semiurban,1,Y
LP001935,1935,1,Male,0,No,0,0,1,Graduate,0,No,9508,0,187,360,1,3,Rural,1,Y
LP001936,1936,1,Male,1,Yes,0,0,1,Graduate,0,No,3075,2416,139,360,1,3,Rural,1,Y
LP001938,1938,1,Male,1,Yes,2,2,1,Graduate,0,No,4400,0,127,360,0,1,Semiurban,0,N
LP001940,1940,1,Male,1,Yes,2,2,1,Graduate,0,No,3153,1560,134,360,1,2,Urban,1,Y
LP001945,1945,0,Female,0,No,,,1,Graduate,0,No,5417,0,143,480,0,2,Urban,0,N
LP001947,1947,1,Male,1,Yes,0,0,1,Graduate,0,No,2383,3334,172,360,1,1,Semiurban,1,Y
LP001949,1949,1,Male,1,Yes,3,3+,1,Graduate,1,Yes,4416,1250,110,360,1,2,Urban,1,Y
LP001953,1953,1,Male,1,Yes,1,1,1,Graduate,0,No,6875,0,200,360,1,1,Semiurban,1,Y
LP001954,1954,0,Female,1,Yes,1,1,1,Graduate,0,No,4666,0,135,360,1,2,Urban,1,Y
LP001955,1955,0,Female,0,No,0,0,1,Graduate,0,No,5000,2541,151,480,1,3,Rural,0,N
LP001963,1963,1,Male,1,Yes,1,1,1,Graduate,0,No,2014,2925,113,360,1,2,Urban,0,N
LP001964,1964,1,Male,1,Yes,0,0,0,Not Graduate,0,No,1800,2934,93,360,0,2,Urban,0,N
LP001972,1972,1,Male,1,Yes,,,0,Not Graduate,0,No,2875,1750,105,360,1,1,Semiurban,1,Y
LP001974,1974,0,Female,0,No,0,0,1,Graduate,0,No,5000,0,132,360,1,3,Rural,1,Y
LP001977,1977,1,Male,1,Yes,1,1,1,Graduate,0,No,1625,1803,96,360,1,2,Urban,1,Y
LP001978,1978,1,Male,0,No,0,0,1,Graduate,0,No,4000,2500,140,360,1,3,Rural,1,Y
LP001990,1990,1,Male,0,No,0,0,0,Not Graduate,0,No,2000,0,,360,1,2,Urban,0,N
LP001993,1993,0,Female,0,No,0,0,1,Graduate,0,No,3762,1666,135,360,1,3,Rural,1,Y
LP001994,1994,0,Female,0,No,0,0,1,Graduate,0,No,2400,1863,104,360,0,2,Urban,0,N
LP001996,1996,1,Male,0,No,0,0,1,Graduate,0,No,20233,0,480,360,1,3,Rural,0,N
LP001998,1998,1,Male,1,Yes,2,2,0,Not Graduate,0,No,7667,0,185,360,,3,Rural,1,Y
LP002002,2002,0,Female,0,No,0,0,1,Graduate,0,No,2917,0,84,360,1,1,semiurban,1,Y
LP002004,2004,1,Male,0,No,0,0,0,Not Graduate,0,No,2927,2405,111,360,1,1,semiurban,1,Y
LP002006,2006,0,Female,0,No,0,0,1,Graduate,0,No,2507,0,56,360,1,3,Rural,1,Y
LP002008,2008,1,Male,1,Yes,2,2,1,Graduate,1,Yes,5746,0,144,84,,3,Rural,1,Y
LP002024,2024,0,Female,1,Yes,0,0,1,Graduate,0,No,2473,1843,159,360,1,3,Rural,0,N
LP002031,2031,1,Male,1,Yes,1,1,0,Not Graduate,0,No,3399,1640,111,180,1,2,Urban,1,Y
LP002035,2035,1,Male,1,Yes,2,2,1,Graduate,0,No,3717,0,120,360,1,1,Semiurban,1,Y
LP002036,2036,1,Male,1,Yes,0,0,1,Graduate,0,No,2058,2134,88,360,,2,Urban,1,Y
LP002043,2043,0,Female,0,No,1,1,1,Graduate,0,No,3541,0,112,360,,1,semiurban,1,Y
LP002050,2050,1,Male,1,Yes,1,1,1,Graduate,1,Yes,10000,0,155,360,1,3,Rural,0,N
LP002051,2051,1,Male,1,Yes,0,0,1,Graduate,0,No,2400,2167,115,360,1,1,Semiurban,1,Y
LP002053,2053,1,Male,1,Yes,3,3+,1,Graduate,0,No,4342,189,124,360,1,1,Semiurban,1,Y
LP002054,2054,1,Male,1,Yes,2,2,0,Not Graduate,0,No,3601,1590,,360,1,3,Rural,1,Y
LP002055,2055,0,Female,0,No,0,0,1,Graduate,0,No,3166,2985,132,360,,3,Rural,1,Y
LP002065,2065,1,Male,1,Yes,3,3+,1,Graduate,0,No,15000,0,300,360,1,3,Rural,1,Y
LP002067,2067,1,Male,1,Yes,1,1,1,Graduate,1,Yes,8666,4983,376,360,0,3,Rural,0,N
LP002068,2068,1,Male,0,No,0,0,1,Graduate,0,No,4917,0,130,360,0,3,Rural,1,Y
LP002082,2082,1,Male,1,Yes,0,0,1,Graduate,1,Yes,5818,2160,184,360,1,1,Semiurban,1,Y
LP002086,2086,0,Female,1,Yes,0,0,1,Graduate,0,No,4333,2451,110,360,1,2,Urban,0,N
LP002087,2087,0,Female,0,No,0,0,1,Graduate,0,No,2500,0,67,360,1,2,Urban,1,Y
LP002097,2097,1,Male,0,No,1,1,1,Graduate,0,No,4384,1793,117,360,1,2,Urban,1,Y
LP002098,2098,1,Male,0,No,0,0,1,Graduate,0,No,2935,0,98,360,1,1,Semiurban,1,Y
LP002100,2100,1,Male,0,No,,,1,Graduate,0,No,2833,0,71,360,1,2,Urban,1,Y
LP002101,2101,1,Male,1,Yes,0,0,1,Graduate,1,Yes,63337,0,490,180,1,2,Urban,1,Y
LP002103,2103,0,Female,1,Yes,1,1,1,Graduate,1,Yes,9833,1833,182,180,1,2,Urban,1,Y
LP002106,2106,1,Male,1,Yes,,,1,Graduate,1,Yes,5503,4490,70,,1,1,Semiurban,1,Y
LP002110,2110,1,Male,1,Yes,1,1,1,Graduate,1,Yes,5250,688,160,360,1,3,Rural,1,Y
LP002112,2112,1,Male,1,Yes,2,2,1,Graduate,1,Yes,2500,4600,176,360,1,3,Rural,1,Y
LP002113,2113,0,Female,0,No,3,3+,0,Not Graduate,0,No,1830,0,,360,0,2,Urban,0,N
LP002114,2114,0,Female,0,No,0,0,1,Graduate,0,No,4160,0,71,360,1,1,Semiurban,1,Y
LP002115,2115,1,Male,1,Yes,3,3+,0,Not Graduate,0,No,2647,1587,173,360,1,3,Rural,0,N
LP002116,2116,0,Female,0,No,0,0,1,Graduate,0,No,2378,0,46,360,1,3,Rural,0,N
LP002119,2119,1,Male,1,Yes,1,1,0,Not Graduate,0,No,4554,1229,158,360,1,2,Urban,1,Y
LP002126,2126,1,Male,1,Yes,3,3+,0,Not Graduate,0,No,3173,0,74,360,1,1,Semiurban,1,Y
LP002128,2128,1,Male,1,Yes,2,2,1,Graduate,1,Yes,2583,2330,125,360,1,3,Rural,1,Y
LP002129,2129,1,Male,1,Yes,0,0,1,Graduate,0,No,2499,2458,160,360,1,1,Semiurban,1,Y
LP002130,2130,1,Male,1,Yes,,,0,Not Graduate,0,No,3523,3230,152,360,0,3,Rural,0,N
LP002131,2131,1,Male,1,Yes,2,2,0,Not Graduate,0,No,3083,2168,126,360,1,2,Urban,1,Y
LP002137,2137,1,Male,1,Yes,0,0,1,Graduate,0,No,6333,4583,259,360,,1,Semiurban,1,Y
LP002138,2138,1,Male,1,Yes,0,0,1,Graduate,0,No,2625,6250,187,360,1,3,Rural,1,Y
LP002139,2139,1,Male,1,Yes,0,0,1,Graduate,0,No,9083,0,228,360,1,1,Semiurban,1,Y
LP002140,2140,1,Male,0,No,0,0,1,Graduate,0,No,8750,4167,308,360,1,3,Rural,0,N
LP002141,2141,1,Male,1,Yes,3,3+,1,Graduate,0,No,2666,2083,95,360,1,3,Rural,1,Y
LP002142,2142,0,Female,1,Yes,0,0,1,Graduate,1,Yes,5500,0,105,360,0,3,Rural,0,N
LP002143,2143,0,Female,1,Yes,0,0,1,Graduate,0,No,2423,505,130,360,1,1,Semiurban,1,Y
LP002144,2144,0,Female,0,No,,,1,Graduate,0,No,3813,0,116,180,1,2,Urban,1,Y
LP002149,2149,1,Male,1,Yes,2,2,1,Graduate,0,No,8333,3167,165,360,1,3,Rural,1,Y
LP002151,2151,1,Male,1,Yes,1,1,1,Graduate,0,No,3875,0,67,360,1,2,Urban,0,N
LP002158,2158,1,Male,1,Yes,0,0,0,Not Graduate,0,No,3000,1666,100,480,0,2,Urban,0,N
LP002160,2160,1,Male,1,Yes,3,3+,1,Graduate,0,No,5167,3167,200,360,1,1,Semiurban,1,Y
LP002161,2161,0,Female,0,No,1,1,1,Graduate,0,No,4723,0,81,360,1,1,Semiurban,0,N
LP002170,2170,1,Male,1,Yes,2,2,1,Graduate,0,No,5000,3667,236,360,1,1,Semiurban,1,Y
LP002175,2175,1,Male,1,Yes,0,0,1,Graduate,0,No,4750,2333,130,360,1,2,Urban,1,Y
LP002178,2178,1,Male,1,Yes,0,0,1,Graduate,0,No,3013,3033,95,300,,2,Urban,1,Y
LP002180,2180,1,Male,0,No,0,0,1,Graduate,1,Yes,6822,0,141,360,1,3,Rural,1,Y
LP002181,2181,1,Male,0,No,0,0,0,Not Graduate,0,No,6216,0,133,360,1,3,Rural,0,N
LP002187,2187,1,Male,0,No,0,0,1,Graduate,0,No,2500,0,96,480,1,1,Semiurban,0,N
LP002188,2188,1,Male,0,No,0,0,1,Graduate,0,No,5124,0,124,,0,3,Rural,0,N
LP002190,2190,1,Male,1,Yes,1,1,1,Graduate,0,No,6325,0,175,360,1,1,Semiurban,1,Y
LP002191,2191,1,Male,1,Yes,0,0,1,Graduate,0,No,19730,5266,570,360,1,3,Rural,0,N
LP002194,2194,0,Female,0,No,0,0,1,Graduate,1,Yes,15759,0,55,360,1,1,Semiurban,1,Y
LP002197,2197,1,Male,1,Yes,2,2,1,Graduate,0,No,5185,0,155,360,1,1,Semiurban,1,Y
LP002201,2201,1,Male,1,Yes,2,2,1,Graduate,1,Yes,9323,7873,380,300,1,3,Rural,1,Y
LP002205,2205,1,Male,0,No,1,1,1,Graduate,0,No,3062,1987,111,180,0,2,Urban,0,N
LP002209,2209,0,Female,0,No,0,0,1,Graduate,1,Yes,2764,1459,110,360,1,2,Urban,1,Y
LP002211,2211,1,Male,1,Yes,0,0,1,Graduate,0,No,4817,923,120,180,1,2,Urban,1,Y
LP002219,2219,1,Male,1,Yes,3,3+,1,Graduate,0,No,8750,4996,130,360,1,3,Rural,1,Y
LP002223,2223,1,Male,1,Yes,0,0,1,Graduate,0,No,4310,0,130,360,,1,Semiurban,1,Y
LP002224,2224,1,Male,0,No,0,0,1,Graduate,0,No,3069,0,71,480,1,2,Urban,0,N
LP002225,2225,1,Male,1,Yes,2,2,1,Graduate,0,No,5391,0,130,360,1,2,Urban,1,Y
LP002226,2226,1,Male,1,Yes,0,0,1,Graduate,1,Yes,3333,2500,128,360,1,1,semiurban,1,Y
LP002229,2229,1,Male,0,No,0,0,1,Graduate,0,No,5941,4232,296,360,1,1,Semiurban,1,Y
LP002231,2231,0,Female,0,No,0,0,1,Graduate,0,No,6000,0,156,360,1,2,Urban,1,Y
LP002234,2234,1,Male,0,No,0,0,1,Graduate,1,Yes,7167,0,128,360,1,2,Urban,1,Y
LP002236,2236,1,Male,1,Yes,2,2,1,Graduate,0,No,4566,0,100,360,1,2,Urban,0,N
LP002237,2237,1,Male,0,No,1,1,1,Graduate,1,Yes,3667,0,113,180,1,2,Urban,1,Y
LP002239,2239,1,Male,0,No,0,0,0,Not Graduate,0,No,2346,1600,132,360,1,1,Semiurban,1,Y
LP002243,2243,1,Male,1,Yes,0,0,0,Not Graduate,0,No,3010,3136,,360,0,2,Urban,0,N
LP002244,2244,1,Male,1,Yes,0,0,1,Graduate,0,No,2333,2417,136,360,1,2,Urban,1,Y
LP002250,2250,1,Male,1,Yes,0,0,1,Graduate,0,No,5488,0,125,360,1,3,Rural,1,Y
LP002255,2255,1,Male,0,No,3,3+,1,Graduate,0,No,9167,0,185,360,1,3,Rural,1,Y
LP002262,2262,1,Male,1,Yes,3,3+,1,Graduate,0,No,9504,0,275,360,1,3,Rural,1,Y
LP002263,2263,1,Male,1,Yes,0,0,1,Graduate,0,No,2583,2115,120,360,,2,Urban,1,Y
LP002265,2265,1,Male,1,Yes,2,2,0,Not Graduate,0,No,1993,1625,113,180,1,1,Semiurban,1,Y
LP002266,2266,1,Male,1,Yes,2,2,1,Graduate,0,No,3100,1400,113,360,1,2,Urban,1,Y
LP002272,2272,1,Male,1,Yes,2,2,1,Graduate,0,No,3276,484,135,360,,1,Semiurban,1,Y
LP002277,2277,0,Female,0,No,0,0,1,Graduate,0,No,3180,0,71,360,0,2,Urban,0,N
LP002281,2281,1,Male,1,Yes,0,0,1,Graduate,0,No,3033,1459,95,360,1,2,Urban,1,Y
LP002284,2284,1,Male,0,No,0,0,0,Not Graduate,0,No,3902,1666,109,360,1,3,Rural,1,Y
LP002287,2287,0,Female,0,No,0,0,1,Graduate,0,No,1500,1800,103,360,0,1,Semiurban,0,N
LP002288,2288,1,Male,1,Yes,2,2,0,Not Graduate,0,No,2889,0,45,180,0,2,Urban,0,N
LP002296,2296,1,Male,0,No,0,0,0,Not Graduate,0,No,2755,0,65,300,1,3,Rural,0,N
LP002297,2297,1,Male,0,No,0,0,1,Graduate,0,No,2500,20000,103,360,1,1,Semiurban,1,Y
LP002300,2300,0,Female,0,No,0,0,0,Not Graduate,0,No,1963,0,53,360,1,1,Semiurban,1,Y
LP002301,2301,0,Female,0,No,0,0,1,Graduate,1,Yes,7441,0,194,360,1,3,Rural,0,N
LP002305,2305,0,Female,0,No,0,0,1,Graduate,0,No,4547,0,115,360,1,1,Semiurban,1,Y
LP002308,2308,1,Male,1,Yes,0,0,0,Not Graduate,0,No,2167,2400,115,360,1,2,Urban,1,Y
LP002314,2314,0,Female,0,No,0,0,0,Not Graduate,0,No,2213,0,66,360,1,3,Rural,1,Y
LP002315,2315,1,Male,1,Yes,1,1,1,Graduate,0,No,8300,0,152,300,0,1,Semiurban,0,N
LP002317,2317,1,Male,1,Yes,3,3+,1,Graduate,0,No,81000,0,360,360,0,3,Rural,0,N
LP002318,2318,0,Female,0,No,1,1,0,Not Graduate,1,Yes,3867,0,62,360,1,1,Semiurban,0,N
LP002319,2319,1,Male,1,Yes,0,0,1,Graduate,1,Yes,6256,0,160,360,,2,Urban,1,Y
LP002328,2328,1,Male,1,Yes,0,0,0,Not Graduate,0,No,6096,0,218,360,0,3,Rural,0,N
LP002332,2332,1,Male,1,Yes,0,0,0,Not Graduate,0,No,2253,2033,110,360,1,3,Rural,1,Y
LP002335,2335,0,Female,1,Yes,0,0,0,Not Graduate,0,No,2149,3237,178,360,0,1,Semiurban,0,N
LP002337,2337,0,Female,0,No,0,0,1,Graduate,0,No,2995,0,60,360,1,2,Urban,1,Y
LP002341,2341,0,Female,0,No,1,1,1,Graduate,0,No,2600,0,160,360,1,2,Urban,0,N
LP002342,2342,1,Male,1,Yes,2,2,1,Graduate,1,Yes,1600,20000,239,360,1,2,Urban,0,N
LP002345,2345,1,Male,1,Yes,0,0,1,Graduate,0,No,1025,2773,112,360,1,3,Rural,1,Y
LP002347,2347,1,Male,1,Yes,0,0,1,Graduate,0,No,3246,1417,138,360,1,1,Semiurban,1,Y
LP002348,2348,1,Male,1,Yes,0,0,1,Graduate,0,No,5829,0,138,360,1,3,Rural,1,Y
LP002357,2357,0,Female,0,No,0,0,0,Not Graduate,0,No,2720,0,80,,0,2,Urban,0,N
LP002361,2361,1,Male,1,Yes,0,0,1,Graduate,0,No,1820,1719,100,360,1,2,Urban,1,Y
LP002362,2362,1,Male,1,Yes,1,1,1,Graduate,0,No,7250,1667,110,,0,2,Urban,0,N
LP002364,2364,1,Male,1,Yes,0,0,1,Graduate,0,No,14880,0,96,360,1,1,Semiurban,1,Y
LP002366,2366,1,Male,1,Yes,0,0,1,Graduate,0,No,2666,4300,121,360,1,3,Rural,1,Y
LP002367,2367,0,Female,0,No,1,1,0,Not Graduate,0,No,4606,0,81,360,1,3,Rural,0,N
LP002368,2368,1,Male,1,Yes,2,2,1,Graduate,0,No,5935,0,133,360,1,1,Semiurban,1,Y
LP002369,2369,1,Male,1,Yes,0,0,1,Graduate,0,No,2920,16.12000084,87,360,1,3,Rural,1,Y
LP002370,2370,1,Male,0,No,0,0,0,Not Graduate,0,No,2717,0,60,180,1,2,Urban,1,Y
LP002377,2377,0,Female,0,No,1,1,1,Graduate,1,Yes,8624,0,150,360,1,1,Semiurban,1,Y
LP002379,2379,1,Male,0,No,0,0,1,Graduate,0,No,6500,0,105,360,0,3,Rural,0,N
LP002386,2386,1,Male,0,No,0,0,1,Graduate,1,Yes,12876,0,405,360,1,1,Semiurban,1,Y
LP002387,2387,1,Male,1,Yes,0,0,1,Graduate,0,No,2425,2340,143,360,1,1,Semiurban,1,Y
LP002390,2390,1,Male,0,No,0,0,1,Graduate,0,No,3750,0,100,360,1,2,Urban,1,Y
LP002393,2393,0,Female,,,,,1,Graduate,0,No,10047,0,,240,1,1,Semiurban,1,Y
LP002398,2398,1,Male,0,No,0,0,1,Graduate,0,No,1926,1851,50,360,1,1,Semiurban,1,Y
LP002401,2401,1,Male,1,Yes,0,0,1,Graduate,0,No,2213,1125,,360,1,2,Urban,1,Y
LP002403,2403,1,Male,0,No,0,0,1,Graduate,1,Yes,10416,0,187,360,0,2,Urban,0,N
LP002407,2407,0,Female,1,Yes,0,0,0,Not Graduate,1,Yes,7142,0,138,360,1,3,Rural,1,Y
LP002408,2408,1,Male,0,No,0,0,1,Graduate,0,No,3660,5064,187,360,1,1,Semiurban,1,Y
LP002409,2409,1,Male,1,Yes,0,0,1,Graduate,0,No,7901,1833,180,360,1,3,Rural,1,Y
LP002418,2418,1,Male,0,No,3,3+,0,Not Graduate,0,No,4707,1993,148,360,1,1,Semiurban,1,Y
LP002422,2422,1,Male,0,No,1,1,1,Graduate,0,No,37719,0,152,360,1,1,Semiurban,1,Y
LP002424,2424,1,Male,1,Yes,0,0,1,Graduate,0,No,7333,8333,175,300,,3,Rural,1,Y
LP002429,2429,1,Male,1,Yes,1,1,1,Graduate,1,Yes,3466,1210,130,360,1,3,Rural,1,Y
LP002434,2434,1,Male,1,Yes,2,2,0,Not Graduate,0,No,4652,0,110,360,1,3,Rural,1,Y
LP002435,2435,1,Male,1,Yes,0,0,1,Graduate,1,Yes,3539,1376,55,360,1,3,Rural,0,N
LP002443,2443,1,Male,1,Yes,2,2,1,Graduate,0,No,3340,1710,150,360,0,3,Rural,0,N
LP002444,2444,1,Male,0,No,1,1,0,Not Graduate,1,Yes,2769,1542,190,360,,,Semi-urban,0,N
LP002446,2446,1,Male,1,Yes,2,2,0,Not Graduate,0,No,2309,1255,125,360,0,3,Rural,0,N
LP002447,2447,1,Male,1,Yes,2,2,0,Not Graduate,0,No,1958,1456,60,300,,2,Urban,1,Y
LP002448,2448,1,Male,1,Yes,0,0,1,Graduate,0,No,3948,1733,149,360,0,3,Rural,0,N
LP002449,2449,1,Male,1,Yes,0,0,1,Graduate,0,No,2483,2466,90,180,0,3,Rural,1,Y
LP002453,2453,1,Male,0,No,0,0,1,Graduate,1,Yes,7085,0,84,360,1,,Semi-urban,1,Y
LP002455,2455,1,Male,1,Yes,2,2,1,Graduate,0,No,3859,0,96,360,1,1,Semiurban,1,Y
LP002459,2459,1,Male,1,Yes,0,0,1,Graduate,0,No,4301,0,118,360,1,2,Urban,1,Y
LP002467,2467,1,Male,1,Yes,0,0,1,Graduate,0,No,3708,2569,173,360,1,2,Urban,0,N
LP002472,2472,1,Male,0,No,2,2,1,Graduate,0,No,4354,0,136,360,1,3,Rural,1,Y
LP002473,2473,1,Male,1,Yes,0,0,1,Graduate,0,No,8334,0,160,360,1,1,Semiurban,0,N
LP002478,2478,0,Female,1,Yes,0,0,1,Graduate,1,Yes,2083,4083,160,360,,1,Semiurban,1,Y
LP002484,2484,1,Male,1,Yes,3,3+,1,Graduate,0,No,7740,0,128,180,1,2,Urban,1,Y
LP002487,2487,1,Male,1,Yes,0,0,1,Graduate,0,No,3015,2188,153,360,1,3,Rural,1,Y
LP002489,2489,0,Female,0,No,1,1,0,Not Graduate,1,Yes,5191,0,132,360,1,1,Semiurban,1,Y
LP002493,2493,1,Male,0,No,0,0,1,Graduate,0,No,4166,0,98,360,0,1,Semiurban,0,N
LP002494,2494,1,Male,0,No,0,0,1,Graduate,0,No,6000,0,140,360,1,3,Rural,1,Y
LP002500,2500,1,Male,1,Yes,3,3+,0,Not Graduate,0,No,2947,1664,70,180,0,2,Urban,0,N
LP002501,2501,0,Female,1,Yes,0,0,1,Graduate,0,No,16692,0,110,360,1,1,Semiurban,1,Y
LP002502,2502,0,Female,1,Yes,2,2,0,Not Graduate,1,Yes,210,2917,98,360,1,1,Semiurban,1,Y
LP002505,2505,1,Male,1,Yes,0,0,1,Graduate,0,No,4333,2451,110,360,1,2,Urban,0,N
LP002515,2515,1,Male,1,Yes,1,1,1,Graduate,1,Yes,3450,2079,162,360,1,1,Semiurban,1,Y
LP002517,2517,1,Male,1,Yes,1,1,0,Not Graduate,0,No,2653,1500,113,180,0,3,Rural,0,N
LP002519,2519,1,Male,1,Yes,3,3+,1,Graduate,0,No,4691,0,100,360,1,1,Semiurban,1,Y
LP002522,2522,0,Female,0,No,0,0,1,Graduate,1,Yes,2500,0,93,360,,2,Urban,1,Y
LP002524,2524,1,Male,0,No,2,2,1,Graduate,0,No,5532,4648,162,360,1,3,Rural,1,Y
LP002527,2527,1,Male,1,Yes,2,2,1,Graduate,1,Yes,16525,1014,150,360,1,3,Rural,1,Y
LP002529,2529,1,Male,1,Yes,2,2,1,Graduate,0,No,6700,1750,230,300,1,1,Semiurban,1,Y
LP002530,2530,0,Female,1,Yes,2,2,1,Graduate,0,No,2873,1872,132,360,0,1,Semiurban,0,N
LP002531,2531,1,Male,1,Yes,1,1,1,Graduate,1,Yes,16667,2250,86,360,1,1,semiurban,1,Y
LP002533,2533,1,Male,1,Yes,2,2,1,Graduate,0,No,2947,1603,,360,1,2,Urban,0,N
LP002534,2534,0,Female,0,No,0,0,0,Not Graduate,0,No,4350,0,154,360,1,3,Rural,1,Y
LP002536,2536,1,Male,1,Yes,3,3+,0,Not Graduate,0,No,3095,0,113,360,1,3,Rural,1,Y
LP002537,2537,1,Male,1,Yes,0,0,1,Graduate,0,No,2083,3150,128,360,1,1,Semiurban,1,Y
LP002541,2541,1,Male,1,Yes,0,0,1,Graduate,0,No,10833,0,234,360,1,1,Semiurban,1,Y
LP002543,2543,1,Male,1,Yes,2,2,1,Graduate,0,No,8333,0,246,360,1,1,Semiurban,1,Y
LP002544,2544,1,Male,1,Yes,1,1,0,Not Graduate,0,No,1958,2436,131,360,1,3,Rural,1,Y
LP002545,2545,1,Male,0,No,2,2,1,Graduate,0,No,3547,0,80,360,0,3,Rural,0,N
LP002547,2547,1,Male,1,Yes,1,1,1,Graduate,0,No,18333,0,500,360,1,2,Urban,0,N
LP002555,2555,1,Male,1,Yes,2,2,1,Graduate,1,Yes,4583,2083,160,360,1,1,Semiurban,1,Y
LP002556,2556,1,Male,0,No,0,0,1,Graduate,0,No,2435,0,75,360,1,2,Urban,0,N
LP002560,2560,1,Male,0,No,0,0,0,Not Graduate,0,No,2699,2785,96,360,,1,Semiurban,1,Y
LP002562,2562,1,Male,1,Yes,1,1,0,Not Graduate,0,No,5333,1131,186,360,,2,Urban,1,Y
LP002571,2571,1,Male,0,No,0,0,0,Not Graduate,0,No,3691,0,110,360,1,3,Rural,1,Y
LP002582,2582,0,Female,0,No,0,0,0,Not Graduate,1,Yes,17263,0,225,360,1,1,Semiurban,1,Y
LP002585,2585,1,Male,1,Yes,0,0,1,Graduate,0,No,3597,2157,119,360,0,3,Rural,0,N
LP002586,2586,0,Female,1,Yes,1,1,1,Graduate,0,No,3326,913,105,84,1,1,Semiurban,1,Y
LP002587,2587,1,Male,1,Yes,0,0,0,Not Graduate,0,No,2600,1700,107,360,1,3,Rural,1,Y
LP002588,2588,1,Male,1,Yes,0,0,1,Graduate,0,No,4625,2857,111,12,,2,Urban,1,Y
LP002600,2600,1,Male,1,Yes,1,1,1,Graduate,1,Yes,2895,0,95,360,1,1,Semiurban,1,Y
LP002602,2602,1,Male,0,No,0,0,1,Graduate,0,No,6283,4416,209,360,0,3,Rural,0,N
LP002603,2603,0,Female,0,No,0,0,1,Graduate,0,No,645,3683,113,480,1,3,Rural,1,Y
LP002606,2606,0,Female,0,No,0,0,1,Graduate,0,No,3159,0,100,360,1,1,Semiurban,1,Y
LP002615,2615,1,Male,1,Yes,2,2,1,Graduate,0,No,4865,5624,208,360,1,1,Semiurban,1,Y
LP002618,2618,1,Male,1,Yes,1,1,0,Not Graduate,0,No,4050,5302,138,360,,3,Rural,0,N
LP002619,2619,1,Male,1,Yes,0,0,0,Not Graduate,0,No,3814,1483,124,300,1,1,Semiurban,1,Y
LP002622,2622,1,Male,1,Yes,2,2,1,Graduate,0,No,3510,4416,243,360,1,3,Rural,1,Y
LP002624,2624,1,Male,1,Yes,0,0,1,Graduate,0,No,20833,6667,480,360,,2,Urban,1,Y
LP002625,2625,0,Female,0,No,0,0,1,Graduate,0,No,3583,0,96,360,1,2,Urban,0,N
LP002626,2626,1,Male,1,Yes,0,0,1,Graduate,1,Yes,2479,3013,188,360,1,2,Urban,1,Y
LP002634,2634,0,Female,0,No,1,1,1,Graduate,0,No,13262,0,40,360,1,2,Urban,1,Y
LP002637,2637,1,Male,0,No,0,0,0,Not Graduate,0,No,3598,1287,100,360,1,3,Rural,0,N
LP002640,2640,1,Male,1,Yes,1,1,1,Graduate,0,No,6065,2004,250,360,1,1,Semiurban,1,Y
LP002643,2643,1,Male,1,Yes,2,2,1,Graduate,0,No,3283,2035,148,360,1,2,Urban,1,Y
LP002648,2648,1,Male,1,Yes,0,0,1,Graduate,0,No,2130,6666,70,180,1,1,Semiurban,0,N
LP002652,2652,1,Male,0,No,0,0,1,Graduate,0,No,5815,3666,311,360,1,3,Rural,0,N
LP002659,2659,1,Male,1,Yes,3,3+,1,Graduate,0,No,3466,3428,150,360,1,3,Rural,1,Y
LP002670,2670,0,Female,1,Yes,2,2,1,Graduate,0,No,2031,1632,113,480,1,1,Semiurban,1,Y
LP002682,2682,1,Male,1,Yes,,,0,Not Graduate,0,No,3074,1800,123,360,0,1,Semiurban,0,N
LP002683,2683,1,Male,0,No,0,0,1,Graduate,0,No,4683,1915,185,360,1,1,Semiurban,0,N
LP002684,2684,0,Female,0,No,0,0,0,Not Graduate,0,No,3400,0,95,360,1,3,Rural,0,N
LP002689,2689,1,Male,1,Yes,2,2,0,Not Graduate,0,No,2192,1742,45,360,1,1,Semiurban,1,Y
LP002690,2690,1,Male,0,No,0,0,1,Graduate,0,No,2500,0,55,360,1,1,Semiurban,1,Y
LP002692,2692,1,Male,1,Yes,3,3+,1,Graduate,1,Yes,5677,1424,100,360,1,3,Rural,1,Y
LP002693,2693,1,Male,1,Yes,2,2,1,Graduate,1,Yes,7948,7166,480,360,1,3,Rural,1,Y
LP002697,2697,1,Male,0,No,0,0,1,Graduate,0,No,4680,2087,,360,1,1,Semiurban,0,N
LP002699,2699,1,Male,1,Yes,2,2,1,Graduate,1,Yes,17500,0,400,360,1,3,Rural,1,Y
LP002705,2705,1,Male,1,Yes,0,0,1,Graduate,0,No,3775,0,110,360,1,1,Semiurban,1,Y
LP002706,2706,1,Male,1,Yes,1,1,0,Not Graduate,0,No,5285,1430,161,360,0,1,Semiurban,1,Y
LP002714,2714,1,Male,0,No,1,1,0,Not Graduate,0,No,2679,1302,94,360,1,1,Semiurban,1,Y
LP002716,2716,1,Male,0,No,0,0,0,Not Graduate,0,No,6783,0,130,360,1,1,Semiurban,1,Y
LP002717,2717,1,Male,1,Yes,0,0,1,Graduate,0,No,1025,5500,216,360,,3,Rural,1,Y
LP002720,2720,1,Male,1,Yes,3,3+,1,Graduate,0,No,4281,0,100,360,1,2,Urban,1,Y
LP002723,2723,1,Male,0,No,2,2,1,Graduate,0,No,3588,0,110,360,0,3,Rural,0,N
LP002729,2729,1,Male,0,No,1,1,1,Graduate,0,No,11250,0,196,360,,1,Semiurban,0,N
LP002731,2731,0,Female,0,No,0,0,0,Not Graduate,1,Yes,18165,0,125,360,1,2,Urban,1,Y
LP002732,2732,1,Male,0,No,0,0,0,Not Graduate,1,Yes,2550,2042,126,360,1,3,Rural,1,Y
LP002734,2734,1,Male,1,Yes,0,0,1,Graduate,0,No,6133,3906,324,360,1,2,Urban,1,Y
LP002738,2738,1,Male,0,No,2,2,1,Graduate,0,No,3617,0,107,360,1,1,Semiurban,1,Y
LP002739,2739,1,Male,1,Yes,0,0,0,Not Graduate,0,No,2917,536,66,360,1,3,Rural,0,N
LP002740,2740,1,Male,1,Yes,3,3+,1,Graduate,0,No,6417,0,157,180,1,3,Rural,1,Y
LP002741,2741,0,Female,1,Yes,1,1,1,Graduate,0,No,4608,2845,140,180,1,1,Semiurban,1,Y
LP002743,2743,0,Female,0,No,0,0,1,Graduate,0,No,2138,0,99,360,0,1,Semiurban,0,N
LP002753,2753,0,Female,0,No,1,1,1,Graduate,1,Yes,3652,0,95,360,1,1,Semiurban,1,Y
LP002755,2755,1,Male,1,Yes,1,1,0,Not Graduate,0,No,2239,2524,128,360,1,2,Urban,1,Y
LP002757,2757,0,Female,1,Yes,0,0,0,Not Graduate,0,No,3017,663,102,360,,1,Semiurban,1,Y
LP002767,2767,1,Male,1,Yes,0,0,1,Graduate,0,No,2768,1950,155,360,1,3,Rural,1,Y
LP002768,2768,1,Male,0,No,0,0,0,Not Graduate,0,No,3358,0,80,36,1,1,semiurban,0,N
LP002772,2772,1,Male,0,No,0,0,1,Graduate,0,No,2526,1783,145,360,1,3,Rural,1,Y
LP002776,2776,0,Female,0,No,0,0,1,Graduate,0,No,5000,0,103,360,0,1,Semiurban,0,N
LP002777,2777,1,Male,1,Yes,0,0,1,Graduate,0,No,2785,2016,110,360,1,3,Rural,1,Y
LP002778,2778,1,Male,1,Yes,2,2,1,Graduate,1,Yes,6633,0,,360,0,3,Rural,0,N
LP002784,2784,1,Male,1,Yes,1,1,0,Not Graduate,0,No,2492,2375,,360,1,3,Rural,1,Y
LP002785,2785,1,Male,1,Yes,1,1,1,Graduate,0,No,3333,3250,158,360,1,2,Urban,1,Y
LP002788,2788,1,Male,1,Yes,0,0,0,Not Graduate,0,No,2454,2333,181,360,0,2,Urban,0,N
LP002789,2789,1,Male,1,Yes,0,0,1,Graduate,0,No,3593,4266,132,180,0,3,Rural,0,N
LP002792,2792,1,Male,1,Yes,1,1,1,Graduate,0,No,5468,1032,26,360,1,1,Semiurban,1,Y
LP002794,2794,0,Female,0,No,0,0,1,Graduate,0,No,2667,1625,84,360,,2,Urban,1,Y
LP002795,2795,1,Male,1,Yes,3,3+,1,Graduate,1,Yes,10139,0,260,360,1,1,Semiurban,1,Y
LP002798,2798,1,Male,1,Yes,0,0,1,Graduate,0,No,3887,2669,162,360,1,1,Semiurban,1,Y
LP002804,2804,0,Female,1,Yes,0,0,1,Graduate,0,No,4180,2306,182,360,1,1,Semiurban,1,Y
LP002807,2807,1,Male,1,Yes,2,2,0,Not Graduate,0,No,3675,242,108,360,1,1,Semiurban,1,Y
LP002813,2813,0,Female,1,Yes,1,1,1,Graduate,1,Yes,19484,0,600,360,1,1,Semiurban,1,Y
LP002820,2820,1,Male,1,Yes,0,0,1,Graduate,0,No,5923,2054,211,360,1,3,Rural,1,Y
LP002821,2821,1,Male,0,No,0,0,0,Not Graduate,1,Yes,5800,0,132,360,1,1,Semiurban,1,Y
LP002832,2832,1,Male,1,Yes,2,2,1,Graduate,0,No,8799,0,258,360,0,2,Urban,0,N
LP002833,2833,1,Male,1,Yes,0,0,0,Not Graduate,0,No,4467,0,120,360,,3,Rural,1,Y
LP002836,2836,1,Male,0,No,0,0,1,Graduate,0,No,3333,0,70,360,1,2,Urban,1,Y
LP002837,2837,1,Male,1,Yes,3,3+,1,Graduate,0,No,3400,2500,123,360,0,3,Rural,0,N
LP002840,2840,0,Female,0,No,0,0,1,Graduate,0,No,2378,0,9,360,1,2,Urban,0,N
LP002841,2841,1,Male,1,Yes,0,0,1,Graduate,0,No,3166,2064,104,360,0,2,Urban,0,N
LP002842,2842,1,Male,1,Yes,1,1,1,Graduate,0,No,3417,1750,186,360,1,2,Urban,1,Y
LP002847,2847,1,Male,1,Yes,,,1,Graduate,0,No,5116,1451,165,360,0,2,Urban,0,N
LP002855,2855,1,Male,1,Yes,2,2,1,Graduate,0,No,16666,0,275,360,1,2,Urban,1,Y
LP002862,2862,1,Male,1,Yes,2,2,0,Not Graduate,0,No,6125,1625,187,480,1,1,Semiurban,0,N
LP002863,2863,1,Male,1,Yes,3,3+,1,Graduate,0,No,6406,0,150,360,1,1,Semiurban,0,N
LP002868,2868,1,Male,1,Yes,2,2,1,Graduate,0,No,3159,461,108,84,1,2,Urban,1,Y
LP002872,2872,0,Female,1,Yes,0,0,1,Graduate,0,No,3087,2210,136,360,0,1,Semiurban,0,N
LP002874,2874,1,Male,0,No,0,0,1,Graduate,0,No,3229,2739,110,360,1,2,Urban,1,Y
LP002877,2877,1,Male,1,Yes,1,1,1,Graduate,0,No,1782,2232,107,360,1,3,Rural,1,Y
LP002888,2888,1,Male,0,No,0,0,1,Graduate,1,Yes,3182,2917,161,360,1,2,Urban,1,Y
LP002892,2892,1,Male,1,Yes,2,2,1,Graduate,0,No,6540,0,205,360,1,1,Semiurban,1,Y
LP002893,2893,1,Male,0,No,0,0,1,Graduate,0,No,1836,33837,90,360,1,2,Urban,0,N
LP002894,2894,0,Female,1,Yes,0,0,1,Graduate,0,No,3166,0,36,360,1,1,semiurban,1,Y
LP002898,2898,1,Male,1,Yes,1,1,1,Graduate,0,No,1880,0,61,360,,3,Rural,0,N
LP002911,2911,1,Male,1,Yes,1,1,1,Graduate,0,No,2787,1917,146,360,0,3,Rural,0,N
LP002912,2912,1,Male,1,Yes,1,1,1,Graduate,0,No,4283,3000,172,84,1,3,Rural,0,N
LP002916,2916,1,Male,1,Yes,0,0,1,Graduate,0,No,2297,1522,104,360,1,2,Urban,1,Y
LP002917,2917,0,Female,0,No,0,0,0,Not Graduate,0,No,2165,0,70,360,1,1,Semiurban,1,Y
LP002925,2925,0,Female,0,No,0,0,1,Graduate,0,No,4750,0,94,360,1,1,Semiurban,1,Y
LP002926,2926,1,Male,1,Yes,2,2,1,Graduate,1,Yes,2726,0,106,360,0,1,Semiurban,0,N
LP002928,2928,1,Male,1,Yes,0,0,1,Graduate,0,No,3000,3416,56,180,1,1,Semiurban,1,Y
LP002931,2931,1,Male,1,Yes,2,2,1,Graduate,1,Yes,6000,0,205,240,1,1,Semiurban,0,N
LP002933,2933,0,Female,0,No,3,3+,1,Graduate,1,Yes,9357,0,292,360,1,1,Semiurban,1,Y
LP002936,2936,1,Male,1,Yes,0,0,1,Graduate,0,No,3859,3300,142,180,1,3,Rural,1,Y
LP002938,2938,1,Male,1,Yes,0,0,1,Graduate,1,Yes,16120,0,260,360,1,2,Urban,1,Y
LP002940,2940,1,Male,0,No,0,0,0,Not Graduate,0,No,3833,0,110,360,1,3,Rural,1,Y
LP002941,2941,1,Male,1,Yes,2,2,0,Not Graduate,1,Yes,6383,1000,187,360,1,3,Rural,0,N
LP002943,2943,1,Male,0,No,,,1,Graduate,0,No,2987,0,88,360,0,1,Semiurban,0,N
LP002945,2945,1,Male,1,Yes,0,0,1,Graduate,1,Yes,9963,0,180,360,1,3,Rural,1,Y
LP002948,2948,1,Male,1,Yes,2,2,1,Graduate,0,No,5780,0,192,360,1,2,Urban,1,Y
LP002949,2949,0,Female,0,No,3,3+,1,Graduate,1,Yes,416,41667,350,180,,2,Urban,0,N
LP002950,2950,1,Male,1,Yes,0,0,0,Not Graduate,1,Yes,2894,2792,155,360,1,3,Rural,1,Y
LP002953,2953,1,Male,1,Yes,3,3+,1,Graduate,0,No,5703,0,128,360,1,2,Urban,1,Y
LP002958,2958,1,Male,0,No,0,0,1,Graduate,0,No,3676,4301,172,360,1,3,Rural,1,Y
LP002959,2959,0,Female,1,Yes,1,1,1,Graduate,0,No,12000,0,496,360,1,1,Semiurban,1,Y
LP002960,2960,1,Male,1,Yes,0,0,0,Not Graduate,0,No,2400,3800,,180,1,2,Urban,0,N
LP002961,2961,1,Male,1,Yes,1,1,1,Graduate,0,No,3400,2500,173,360,1,1,Semiurban,1,Y
LP002964,2964,1,Male,1,Yes,2,2,0,Not Graduate,0,No,3987,1411,157,360,1,3,Rural,1,Y
LP002974,2974,1,Male,1,Yes,0,0,1,Graduate,0,No,3232,1950,108,360,1,3,Rural,1,Y
LP002978,2978,0,Female,0,No,0,0,1,Graduate,0,No,2900,0,71,360,1,3,Rural,1,Y
LP002979,2979,1,Male,1,Yes,3,3+,1,Graduate,0,No,4106,0,40,180,1,3,Rural,1,Y
LP002983,2983,1,Male,1,Yes,1,1,1,Graduate,0,No,8072,240,253,360,1,2,Urban,1,Y
LP002984,2984,1,Male,1,Yes,2,2,1,Graduate,0,No,7583,0,187,360,1,2,Urban,1,Y
LP002990,2990,0,Female,0,No,0,0,1,Graduate,1,Yes,4583,0,133,360,0,1,Semiurban,0,N
